产品名称,产品编号,产品型号,产品主图,规格产品编号,离岸价,产品净重(kg)
Nozzle YK330 ,YK02423,YK02423,,YK02423, ,
CB50 Extended electrode ,QS PR0065,,,QS PR0065, ,
CB50 Diffuser ,QS PE0007,,,QS PE0007, ,
CB50 Extended tip,QS-02094,,,QS-02094, ,
CB50 Outsid nozzie,QS PC0003,,,QS PC0003, ,
CB50 Shield cap for extended tipl,QS CV0001,,,QS CV0001, ,
15AK Gas nozzle,QS-02092,,,QS-02092, ,
Bolzenhalter FS,QS-02091,,,QS-02091, ,
Contact tipe  .045" (1.2 mm),T-045,,,T-045, ,
Nozzle,N-5818C,,,N-5818C, ,
25AK PTFE liner blue for 3 m,QS-02090,,,QS-02090, ,
"25AK MIG Torch with 3m Cable, Red Handle",QS-02089,,,QS-02089, ,
D30*14T2 laser protective lens,QS-02088,,,QS-02088, ,
D18*T2 laser protective lens,QS-02087,,,QS-02087, ,
D16T5 F50 laser protective lens,QS-02086,,,QS-02086, ,
D20T4.5 F150 laser protective lens,QS-02085,,,QS-02085, ,
"Protective cap QBH for fiber optic connector, 12.8 mm diameter and 17.2 mm high",QS-02084,,,QS-02084, ,
T-078-5/64,QS-02083,,,QS-02083, ,
Laser Nozzle Type D φ1.0,QS-02082,,,QS-02082, ,
36KD 3m EURO/CON（New handle）,QS-02081,,,QS-02081, ,
36KD Contact tip holder M8*22.0mm,QS-02080,,,QS-02080, ,
"ESAB Style 250A Nozzle, E-Cu",QS-02079,,,QS-02079, ,
ESAB Style 250A Contact Tip Holder,QS-02078,,,QS-02078, ,
24KD PTFE liner blue for 3 m,QS-02077,,,QS-02077, ,
"24KD MIG Torch with 3m Cable, 25mm² Cable, Black Handle 1.0mm Liner",QS-02076,,,QS-02076, ,
RSR-2500 【set】,QS-02075,,,QS-02075,CNY 3700.0000,
SHIELD CAP CONT.40/100A LC105 Short/curto,W03X0893-67A,,,W03X0893-67A,CNY 12.0000,
LC-105 CA 7.5m Handheld Plasma Torch,QS-02074,,,QS-02074, ,
Contact tip CuCrZr M10*35,QS-02073,,,QS-02073_1, ,
,,,,QS-02073_2, ,
,,,,QS-02073_3, ,
Custom Logo,QS-02072,,,QS-02072, ,
L209 3.2*1kg,QS-02071,,,QS-02071,USD 20.2000,
L109  3.2*1kg,QS-02070,,,QS-02070,USD 19.4000,
M8*【85-90】,QS-02069,,,QS-02069,USD 2.6000,
M8*【65-70】,QS-02068,,,QS-02068,USD 1.5000,
M6*【85-90】,QS-02067,,,QS-02067,USD 2.6000,
M6*【65-70】,QS-02066,,,QS-02066,USD 1.5000,
Shield 130A,420255,420255,,420255, 5.6000,
Electrode 130A,420249,420249,,420249, 5.6000,
Nozzle 130A,420252,420252,,420252, 6.2000,
Shield 80A,420246,,,420246, ,
Nozzle 80A,420243,,,420243, ,
Electrode 80A,420240,,,420240, ,
"ER4047 TIG welding rod, Φ3.2mm 1/8",QS-02065,,,QS-02065, ,
"ER4047 TIG welding rod, Φ2.4mm 3/32  ′",QS-02064,,,QS-02064, ,
F2014 Nozzle,QS-02063,,,QS-02063, ,
High-speed nozzle D28 D1.8E,QS-02062,,,QS-02062, ,
High-speed nozzle D28 D1.5E,QS-02061,,,QS-02061, ,
F006 .11.855.401.360,QS-02060,,,QS-02060, ,
F2010 .11.855.401.410,QS-02059,,,QS-02059, ,
P80 Extended Shield,QS-02058,,,QS-02058, ,
P80 Extended Ceramic Shield,QS-02057,,,QS-02057, ,
M10*20 2000 PCS,QS-02056,,,QS-02056, ,
 E71T-1C 1.2mm,QS-02055,,,QS-02055, ,
Tragaskis welding Touch500A 3m,QS-02054,,,QS-02054, ,
Custom connector: G5/8 internal thread to G5/8 external thread,QS-02053,,,QS-02053, ,
403-14-45 Contact Tip,QS-02052,,,QS-02052, ,
403-20 Gas Diffuser,QS-02051,,,QS-02051, ,
401-5-62 Nozzle,QS-02050,,,QS-02050, ,
M10*25 Carbon steel,QS-02049,,,QS-02049,USD 0.0700,
RSR-4500,QS-02048,,,QS-02048, ,
Gas diffuser for Short Tips,QS-02047,,,QS-02047, ,
Contact Tip.052" 1.4mm Long Tapered 50.8mm,QS-02046,,,QS-02046, ,
Nozzle Brass 7/20" p8.9*95.3,QS-02045,,,QS-02045, ,
Wire Feeding Wheel,QS-02044,,,QS-02044, ,
Wire feeder tube,QS-02043,,,QS-02043, ,
tapemeasure（H.S CODE:9017800000）,QS-02042,,,QS-02042, ,
laser distance meter （H.S CODE: 9015109000）,QS-02041,,,QS-02041, ,
Motor,QS-02040,,,QS-02040, ,
Bronze joint,QS-02039,,,QS-02039, ,
Tongue and gear teeth,QS-02038,,,QS-02038, ,
220183,402,,,402,">=0 ,  USD 0.7400 - 0.8600",
"WP18 Water-Cooled Torch with 6m Cable, Custom Connector",QS-02037,,,QS-02037, ,
428895 ,QS-02036,,,QS-02036, ,
RSN-1800,QS-02035,,,QS-02035,CNY 9000.0000,
O-ring,QS-02034,,,QS-02034, ,
High-speed nozzle D28 D1.4E,QS-02033,,,QS-02033, ,
Copy Laser Lens 18*2 ,QS-02032,,,QS-02032, ,
Custom product: Connector,QS-02031,,,QS-02031, ,
"1MPa dual-tube argon pressure gauge, external thread G5/8",QS-02030,,,QS-02030, ,
3D M8 (Single-layer natural color) Φ2.5,QS-02029,,,QS-02029, ,
High-speed nozzle D28 D1.8E,QS-02028,,,QS-02028, ,
Original FY200 nozzle Φ2.1,QS-02027,,,QS-02027, ,
Original FY200A electrode,QS-02026,,,QS-02026, ,
Copy FY200A nozzle,QS-02025,,,QS-02025, ,
Contact Tip Holder  RA280,QS-02024,,,QS-02024,USD 2.2000,
Gas Diffuser RA280,QS-02023,,,QS-02023,USD 1.5000,
Nozzle Holder RA280,QS-02022,,,QS-02022,USD 1.3000,
Lenses and batteries,QS-02021,,,QS-02021, ,
Copy FY200A electrode,QS-02020,,,QS-02020, ,
Copy FY200A machine torch,QS-02019,,,QS-02019, ,
High-speed nozzle D28 D1.6E,QS-02018,,,QS-02018, ,
BOCHU Original Protective Lens D25.4T44 15KW,QS-02017,,,QS-02017, ,
D32 scale tube,QS-02016,,,QS-02016, ,
3.2 Single layer 2.5 holes,QS-02015,,,QS-02015, ,
Original 18*2,QS-02014,,,QS-02014, ,
PC-250 Nozzle 2.8,QS-02013,,,QS-02013, ,
PC-250 Electrode,QS-02012,,,QS-02012, ,
original 25.4*4 lens,QS-02011,,,QS-02011, ,
Laser calibration tube 70mm,QS-02010,,,QS-02010, ,
D32 laser nozzle single 2.5 ,QS-02009,,,QS-02009, ,
Original 18*2 lens,QS-02008,,,QS-02008, ,
6290-NX00,QS-02007,,,QS-02007, ,
Welding Torch Consumables Nozzle Quartz Cup ,#8,,,#8, ,
Gas Lens Collet Body,QS-02006,,,QS-02006, ,
Filter screen,QS-02005,,,QS-02005, ,
Black face mask (with size 8 lenses),QS-02004,,,QS-02004, ,
Hypertherm Pro Max65/85/105,QS-02003,,,QS-02003, ,
Cut100 Plasma Power Source + Ygx100 Hc-1003 Tip-Plasma Welder,QS-02002,,,QS-02002, ,
401-6-62 ,QS-02001,,,QS-02001, ,
Liner 16 feet - 415-116-15,QS-02000,,,QS-02000, ,
Goose neck Insulator - 402-11,QS-01999,,,QS-01999, ,
Goose neck 505-45,QS-01998,,,QS-01998, ,
401-42-50C Nozzle,QS-01997,,,QS-01997, ,
24KD swan neck,QS-01996,,,QS-01996, ,
36KD swan neck,QS-01995,,,QS-01995, ,
"36KD Gas diffusor,long life  Polymer material",QS-01994,,,QS-01994, ,
WP  Tungsten Green,QS-01993,,,QS-01993, ,
"36KD Contact tip holder  M8,28.0mm(short)",QS-01992,,,QS-01992, ,
"36KD Contact tip holder  M6,28.0mm(short)",QS-01991,,,QS-01991, ,
26KD Swan neck,QS-01990,,,QS-01990, ,
"26KD Gas diffusor,white Polymer  material",QS-01989,,,QS-01989, ,
"26KD Contact tip holder  M8,22.0mm(short)",QS-01988,,,QS-01988, ,
"26KD Contact tip holder  M6,22.0mm(short)",QS-01987,,,QS-01987, ,
"26KD Gas nozzle, conical ND φ 16.0 copper",QS-01986,,,QS-01986, ,
WZ8  Tungsten White,QS-01985,,,QS-01985, ,
BK277282 ,QS-01984,,,QS-01984,USD 7.7000,
BK277284,QS-01983,,,QS-01983,USD 5.4000,
BK277286 ,QS-01982,,,QS-01982,USD 6.9000,
Protective gloves,QS-01981,,,QS-01981, ,
404-20 Retaining Head/Diffuser,859,,,859, ,
401-6-62 Nozzle 5/8" Φ15.9*73.2,858,,,858,USD 6.5000,0.115
WP9/20/25  #16,QS-01980,,,QS-01980, ,
WP9/20/25   #12,QS-01979,,,QS-01979, ,
TC P80 1.5MM,QS-01978,,,QS-01978, ,
Welding Torch Consumables Nozzle Quartz Cup,#12,,,#12, ,
Welding Torch Consumables Nozzle Quartz Cup,#10,,,#10, ,
7502 Mask + 2097 Cotton Pair + Large Eye Cover,QS-01977,,,QS-01977, ,
Laser Cutting Single Nozzle D32*2.5mm,QS-01976,,,QS-01976, ,
Laser Cutting Protective Lens JGS1 27.9*4.1mm,QS-01975,,,QS-01975, ,
Laser Cutting Focus Lens JGS1 24.9*1.5mm (3 kw),QS-01974,,,QS-01974, ,
Laser Cutting Double Nozzle D32*1.2mm,QS-01973,,,QS-01973, ,
Laser Cutting Ceramic Ring D32,QS-01972,,,QS-01972, ,
Laser Welding Single Nozzle AS-12,QS-01971,,,QS-01971, ,
Laser Welding Protective Lens JGS1 18x2mm,QS-01970,,,QS-01970, ,
Laser Welding Protective Lens D20x3-3kw-09,QS-01969,,,QS-01969, ,
M16*15 (internal thread) double fork valve + 6mm pagoda connector,QS-01968,,,QS-01968, ,
OTC 45*1.2,QS-01967,,,QS-01967, ,
TRM154-12-42 Torch Liner / Wire Guide,QS-01966,,,QS-01966, ,
TRM605W-22 Welding Torch,QS-01965,,,QS-01965, ,
TRM152B-12-23 Liner / Wire Guide,QS-01964,,,QS-01964, ,
TRM602W-XXCXE-08 Cable Assembly / Hose-pack,QS-01963,,,QS-01963, ,
TRM15-42-16C Gas Nozzle with Insert,QS-01962,,,QS-01962, ,
TRM605W-22-01 Insulator,QS-01961,,,QS-01961, ,
TRM045-01 Contact Tip Holder,QS-01960,,,QS-01960, ,
TRM045-03 Contact Tip Holder,QS-01959,,,QS-01959, ,
TRM605W-22-19 Gas Diffuser,QS-01958,,,QS-01958, ,
ES-1.0 laser nozzle,QS-01957,,,QS-01957, ,
AS-1.2 laser nozzle,QS-01956,,,QS-01956, ,
Pana 350A Coated Tip Holder,QS-01955,,,QS-01955, ,
Pana 200A Coated Tip Holder,QS-01954,,,QS-01954, ,
SP-F2.0 Nozzle,QS-01953,,,QS-01953, ,
Copy 37*7 10000W,QS-01952,,,QS-01952, ,
26KD Torch and Cable 4m,QS-01951,,,QS-01951, ,
Collimative lens D20 T3 F150,QS-01813,,,QS-01813, ,
Collimative lens D20 T3,QS-01812,,,QS-01812, ,
PNME【1/8】,QS-01950,,,QS-01950,USD 1.4000,
PNME【7/64】,QS-01949,,,QS-01949,USD 1.4000,
PNME【3/32】,QS-01948,,,QS-01948,USD 1.4000,
PNME【5/64】,QS-01947,,,QS-01947,USD 1.4000,
PNME【1/16】,QS-01946,,,QS-01946,USD 1.4000,
PNME【3/64】,QS-01945,,,QS-01945,USD 1.4000,
PNME 【1/32】,QS-01944,,,QS-01944,USD 1.4000,
6-W,QS-01943,,,QS-01943,USD 11.5000,
5-W,QS-01942,,,QS-01942,USD 10.6100,
4-W,QS-01941,,,QS-01941,USD 9.3700,
3-W,QS-01940,,,QS-01940,USD 7.0700,
2-W,QS-01939,,,QS-01939,USD 5.5700,
1-W,QS-01938,,,QS-01938,USD 5.2200,
0-W,QS-01937,,,QS-01937,USD 5.2200,
Original 37*7 15KW,QS-01936,,,QS-01936, ,
M8*50 aluminum welded studs,QS-01935,,,QS-01935, ,
304 Stainless Steel Welded Stud M8*50,QS-01934,,,QS-01934, ,
RSR-3500S Package,QS-01933,,,QS-01933, ,
zipper bag,QS-01932,,,QS-01932, ,
Original 24.9*1.5 4K,QS-01931,,,QS-01931, ,
Copy 40*7 15KW,QS-01930,,,QS-01930, ,
DNE nozzle D1.4,QS-01929,,,QS-01929, ,
Copy 21.5*2 lens,QS-01928,,,QS-01928, ,
SP Nozzle S2.0 ,QS-01927,,,QS-01927, ,
Normal D28 Nozzle D1.6,QS-01926,,,QS-01926, ,
original 24.9*1.5  6K,QS-01925,,,QS-01925, ,
original 27.9*4.1// same number,QS-01924,,,QS-01924, ,
BOCHU 25.4*4 8KW,QS-01923,,,QS-01923, ,
original 37*7 15K,QS-01922,,,QS-01922, ,
6290-NX6,QS-01921,,,QS-01921, ,
6290-NX4,QS-01920,,,QS-01920, ,
SP S 1.7,QS-01919,,,QS-01919, ,
Powermax45 torch,QS-01918,,,QS-01918,USD 255.0000,
M14*1.5  2.5mm,QS-01917,,,QS-01917, ,
35-50 Socket,QS-01916,,,QS-01916, ,
35-50 Plug,QS-01915,,,QS-01915, ,
10-25 Socket,QS-01914,,,QS-01914, ,
10-25Plug,QS-01913,,,QS-01913, ,
Tongue and gear teeth,QS-01912,,,QS-01912, ,
Motor drive,QS-01911,,,QS-01911, ,
welding nozzle,QS-01910,,,QS-01910, ,
Bracket,QS-01909,,,QS-01909, ,
Classic dual-tube argon gas meter Material: Alloy       Thread: G5/8,QS-01908,,,QS-01908, ,
YQAr-731L Dual-Tube Argon Gauge Material: Alloy         Thread: G5/8,QS-01907,,,QS-01907, ,
30*14T2 21S,QS-01906,,,QS-01906, ,
D20*4.5-F150,QS-01905,,,QS-01905, ,
D16 F50 T5,QS-01904,,,QS-01904, ,
TWECO 2# 180A Air Cooled MIG - 15 ft (4.5 m),QS-01903,,,QS-01903, ,
Shield S3,QS-01902,,,QS-01902, ,
Shield S2,QS-01901,,,QS-01901, ,
Electrode E1,QS-01900,,,QS-01900, ,
Electrode E0,QS-01899,,,QS-01899, ,
Nozzle N5,QS-01898,,,QS-01898, ,
Nozzle N4,QS-01897,,,QS-01897, ,
Nozzle N3,QS-01896,,,QS-01896, ,
Nozzles N2,QS-01895,,,QS-01895, ,
ERTi-2//3.0mm,QS-01894,,,QS-01894,USD 24.2000,
Protect lenses D18 T2,QS-01893,,,QS-01893, ,
500HDW 76*16 nozzle,QS-01892,,,QS-01892, ,
Welding Helmet (Head-mounted)With Nylon Ratchet Head Gear  Blue Eagle,QS-01891,,,QS-01891, ,
Powered Air Purifying Auto-Darkening Welding Helmet,QS-01890,,,QS-01890, ,
laser lens 18*2,QS-01889,,,QS-01889, ,
Hypertherm Powermax Acc. Part Duramax Machine Torch Assembly For PMX 85XP/65/85/105 180° 25Ft ( 7.6M )-059477,QS-01888,,,QS-01888, ,
Cooling Kit S28175-4,QS-01887,,,QS-01887, ,
Head S28185-2,QS-01886,,,QS-01886, ,
Drag Spacer KP2843-10,QS-01885,,,QS-01885, ,
Retaining Cap KP2844-9,QS-01884,,,QS-01884, ,
Nozzle 50A KP2844-3,QS-01883,,,QS-01883, ,
Nozzle 40A KP2844-2,QS-01882,,,QS-01882, ,
Electrode KP2844-1 ,QS-01881,,,QS-01881, ,
Plasma cuttingtorch handle LC65 IEC60974-7,QS-01880,,,QS-01880, ,
PC-250 Electrode,QS-01878,,,QS-01878, ,
PC-250 Nozzle,QS-01879,,,QS-01879, ,
 laser lens 34*5 20KW,QS-01877,,,QS-01877, ,
laser welding tips Type D,QS-01876,,,QS-01876, ,
original 27.9*4.1 lens,QS-01875,,,QS-01875, ,
HC-6002 nozzle  622040,QS-01874,,,QS-01874, ,
Manual Welding Nozzle //Size: 16X96mm  ,05.002.778,,,05.002.778, ,
Diffuser,05.001.101,,,05.001.101, ,
Contact Tip  //Material:Ecu //Size: 72.5X1.2,05.001.087,,,05.001.087, ,
105-PR0117 ,QS-01871,,,QS-01871, ,
105-PD0119-14,QS-01870,,,QS-01870, ,
105-PD0119-12,QS-01869,,,QS-01869, ,
105-PD0119-10,QS-01868,,,QS-01868, ,
105-PC0118,QS-01867,,,QS-01867, ,
105-NS105-6M 105-CV0011,QS-01866,,,QS-01866, ,
"Argon Gas Regulator, Yellow, All Brass, G5/8 Male Thread British Standard Thread",QS-01865,,,QS-01865, ,
WP17 Torch Cable-6m(Gas-electric integrated),QS-01864,,,QS-01864, ,
0316026,QS-01863,,,QS-01863, ,
Cutting Torch Plasma PC-250 2 EA,QS-01862,,,QS-01862, ,
60974-7,QS-01861,,,QS-01861, ,
Electrode 120A 9-8215,QS-01860,,,QS-01860, ,
Tip Drag 80A-120A 9-8233,QS-01859,,,QS-01859, ,
Ceramic Shroud 9-8237,QS-01858,,,QS-01858, ,
Nozzle Cutter 1040/1041 9-8253,QS-01857,,,QS-01857, ,
Shield Cup 9-8218,QS-01856,,,QS-01856, ,
Roller Guide 9-8291,QS-01855,,,QS-01855, ,
Tip Stand 80A-120A 9-8281,QS-01854,,,QS-01854, ,
BK14300-18,QS-01853,,,QS-01853, ,
42.0001.4051 ,QS-01852,,,QS-01852, ,
42.0001.4498,QS-01851,,,QS-01851, ,
420234 Nozzle,QS-01850,,,QS-01850, ,
420233 Swirl Ring,QS-01849,,,QS-01849, ,
 15AK Contact Tip  Holder,002.0078,,,002.0078, ,
42.0001.4051  Nozzle,QS-01848,,,QS-01848, ,
42.0001.4498 Nozzle,QS-01847,,,QS-01847, ,
24 KD Gas Splitter,QS012.0183,,,QS012.0183, ,
501D Contact tip holder M8*25.0mm(short),QS142.0022,,,QS142.0022, ,
25AK Nozzle Spring,QS-01845,,,QS-01845, ,
U724E01,QS-01844,,,QS-01844, ,
Welding Tips,QS-01843,,,QS-01843, ,
Single Hole Nozzle-2.8mm,QS-01842,,,QS-01842, ,
Cap Retating 130A,220755,,,220755, ,
Drag Spacer KP2843-10 W03X0893- 14R,QS-01841,,,QS-01841, ,
Heavy Duty 800A American Pure Copper Electrode Holder ,QS-01840,,,QS-01840, ,
Auto-Darkening Welding Helmet True Color Large View Area MIG TIG ARC Welder,QS-01839,,,QS-01839, ,
Punching bits size: 13*20mm rectangular,QS-01838,,,QS-01838, ,
G1-P   25/10,QS-01837,,,QS-01837, ,
Tip M8*35MM  CuCrZr,QS-01836,,,QS-01836_1, ,
,,,,QS-01836_2, ,
,,,,QS-01836_3, ,
,,,,QS-01836_4, ,
,,,,QS-01836_5, ,
,,,,QS-01836_6, ,
,,,,QS-01836_7, ,
"LC105 Hand Cutting Torch-7,5m ",928,,,928, ,
Electrode 130A,220307,,,220307, ,
Nozzle 130A,220197,,,220197, ,
Shield 130A,220198,,,220198, ,
Electrode 80A,220339,,,220339, ,
Nozzle 80A,220337,,,220337, ,
Shield 80A,220338,,,220338, ,
Electrode 45A,220308,,,220308, ,
Nozzle 45A,220201,,,220201, ,
Shield 45A,220202,,,220202, ,
High speen D1.2E,QS-01835,,,QS-01835, ,
G1-P 20/10,QS-01834,,,QS-01834, ,
24KD Swan neck,QS-01833,,,QS-01833, ,
PT-80 Straight CNC Machine Torch,QS-01832,,,QS-01832,USD 74.5000,
Custom Spot Welding Tips,QS-01831,,,QS-01831, ,
428936 105A Adaptador Smartsync,428936,,,428936, ,
PT31 Plasma Cutting Torch Roller Fixed Wheel（Iron plated with copper）,QS-01830,,,QS-01830, ,
PT31 Plasma Cutting Torch Roller Fixed Wheel（copper）,QS-01829,,,QS-01829, ,
P80  Plasma Cutting Torch Roller Fixed Wheel（Includes ruler）,QS-01828,,,QS-01828, ,
PT31 Plasma Cutting Torch Roller Fixed Wheel（Includes ruler）,QS-01827,,,QS-01827, ,
WP17/18/26 Expanded  fitting set：1.53NQCNLD          2.53NQASP2LD-2.4    3.4GL332NQ         4.4C332GS          5.18CG20GS,QS-01826,,,QS-01826, ,
WP17/18/26 Constricted fitting set 1.54NQ15-#7             2.45V26NQ               3.10N24-2.43C332  4.18CG01,QS-01825,,,QS-01825, ,
WP17/18/26 Straight fitting set 1.4HSGSLD 2.4C332GS-2.4 3.4CBGSLD 4.TAS332GSLD 5.4P18GSLD L=47.0,QS-01824,,,QS-01824, ,
"XT60, 256033",QS-01823,,,QS-01823, ,
G01-300R,QS-01821,,,QS-01821, ,
 YK130pro Nozzle,YIKUA1137,,,YIKUA1137, ,
PT31  Difusser,956,,,956, ,
"Fronius - Spatter Guard ø10 / ø20,8 x 24mm (Pack of 5)",QS-01820,42.0405.0854,,QS-01820, ,
heatshield,QS-01819,42.0001.1329,,QS-01819, ,
Nozzle Stock - M8x1.5/Sw13x26.5 MTW/MTB,QS-01818,42.0001.4037,,QS-01818, ,
Nozzle ø17 / ø25x75 CT M23x2,QS-01817,42.0001.4043,,QS-01817, ,
Reflecting Lens D27*14*2,QS-01816,,,QS-01816, ,
AS12 Nozzle,QS-01815,,,QS-01815, ,
Collimative Lens D20*T3*F80,QS-01814,,,QS-01814, ,
25AK Spring,QS-01811,,,QS-01811, ,
15AK Spring,QS-01810,,,QS-01810, ,
36KD Insulated Steel Liner 1.2-1.6mm / 5.2M,QS-01808,,,QS-01808, ,
P350A Insulated Steel Liner 1.0-1.2mm / 5.2M,QS-01809,,,QS-01809, ,
U11250 SHIELD CAP 105-160A,QS-01807,,,QS-01807, ,
U11249 SHIELD CAP 45-85A,QS-01806,,,QS-01806, ,
U11139 SHIELD CAP BODY 45-85A,QS-01805,,,QS-01805, ,
U11138 CUTTING TIP 105-125A,QS-01804,,,QS-01804, ,
U11137 CUTTING TIP 85A,QS-01803,,,QS-01803, ,
 U11136 CUTTING TIP 65A,QS-01802,,,QS-01802, ,
U11135 CUTTING TIP 45A,QS-01801,,,QS-01801, ,
U43009P ELECTRODE,QS-01800,,,QS-01800, ,
Nozzle （0.6-6mm）φ1.6 YGX200,YGX200203-1.6,YGX200203-1.5,,YGX200203-1.6,">=0 ,    - ",
Nozzel - 220646- 130A,QS-01799,,,QS-01799, ,
Nozzel -220542- 260A,QS-01798,,,QS-01798, ,
Electrode - 220649 - 130A,QS-01797,,,QS-01797, ,
Electrode -220541- 260A,QS-01796,,,QS-01796, ,
Sheild XPR-170 420513,QS-01795,,,QS-01795, ,
Sheild XPR-130-420255,QS-01794,,,QS-01794, ,
Sheild- 420237,QS-01793,,,QS-01793, ,
Sheild Assembly XPR80- 420246,QS-01792,,,QS-01792, ,
Nozzle 420252,QS-01791,,,QS-01791, ,
420242 Swirl Ring 80A-130A,QS-01790,,,QS-01790, ,
Nozzle XPR-80 -420243,QS-01789,,,QS-01789, ,
Nozzle XPR-170 420261,QS-01788,,,QS-01788, ,
420231 Electrode,QS-01787,,,QS-01787, ,
Swirl Gas Cap F4030,QS-01786,,,QS-01786, ,
F3028,QS-01785,,,QS-01785, ,
F2017 Nozzle,QS-01784,,,QS-01784, ,
F006 Electrode,QS-01783,,,QS-01783, ,
F2012 Nozzle,QS-01782,,,QS-01782, ,
F012 Electrode,QS-01781,,,QS-01781, ,
"Gas diffuser 42,0405,0854",QS-01780,,,QS-01780, ,
"Gas nozzle 42,0001,4043",QS-01779,,,QS-01779, ,
CB100 Bracket,QS-01778,,,QS-01778, ,
CB100 Wheel,QS-01777,,,QS-01777, ,
CB50 Torch Head,QS-01776,,,QS-01776, ,
CB70 Bracket,QS-01775,,,QS-01775, ,
CB70 Wheel,QS-01774,,,QS-01774, ,
CB50 Extended tip,QS-01773,,,QS-01773, ,
Gouging Nozzle,220797,,,220797, ,
 CB50 Extended electrode HF Plasma,QS-01772,,,QS-01772, ,
42.0001.4475,QS-01771,,,QS-01771, ,
" Nozzle AJAN N3, 80A",QS-01770,,,QS-01770, ,
"Cathode AJAN E3, 260A",QS-01769,,,QS-01769, ,
"Cathode AJAN E0, 30–80A",QS-01768,,,QS-01768, ,
Electrode for plasma torch EP-03,QS-01767,,,QS-01767, ,
P50-P70 PD0063-12,QS-01766,,,QS-01766, ,
P-70 PR0064,QS-01765,,,QS-01765, ,
16*23 Offset CuCrZr Electrode Cap,QS-01764,,,QS-01764, ,
10m protective line / arc line,QS-01763,,,QS-01763, ,
SC1206 Swirl Ring,QS-01762,,,QS-01762, ,
SC1204 Electrode,QS-01761,,,QS-01761, ,
No.2961451 ,QS-01760,,,QS-01760, ,
25*60 Straight Flat Top Electrode Custom Size,QS-01759,,,QS-01759, ,
16*23 Pointed Chromium Zirconium Copper Electrode Cap Point diameter: 6 mm,QS-01758,,,QS-01758, ,
16*23 Pointed Chromium Zirconium Copper Electrode Cap Point diameter: 5 mm,QS-01757,,,QS-01757, ,
16*23 Pointed Chromium Zirconium Copper Electrode Cap Point diameter: 4 mm,QS-01756,,,QS-01756, ,
P80 Electrode + Nozzle,QS-01755,,,QS-01755_1, ,
,,,,QS-01755_2, ,
,,,,QS-01755_3, ,
,,,,QS-01755_4, ,
,,,,QS-01755_5, ,
,,,,QS-01755_6, ,
"Contact tip M6 E-Cu,φ0.8",QS-01754,,,QS-01754, ,
Oxygen regulator,QS-01753,,,QS-01753, ,
Argon gas regulator,QS-01752,,,QS-01752, ,
regulador de co2,QS-01751,,,QS-01751, ,
2P8GSL = 32.5mm straight glass + TAS418GSLD: 1/8" (3.2mm) tungsten electrode + 4CBGSLD gas lens chuck body + 4C418GS: 1/8" (3.2mm) welding torch chuck + 4HSGSLD ceramic white cap,QS-01750,,,QS-01750, ,
4P18GSLDL = 47.0mm straight glass + TAS418GSLD: 1/8" (3.2mm) tungsten electrode + 4CBGSLD gas lens chuck body + 4C418GS: 1/8" (3.2mm) welding torch chuck + 4HSGSLD ceramic white cap,QS-01748,,,QS-01748, ,
2P8GSL = 32.5mm straight glass + TAS332GSLD 3/32" (2.4mm) tungsten electrode + 4CBGSLD gas lens chuck body + 4C332GS: 3/32" (2.4mm) welding torch chuck + 4HSGSLD ceramic white cap,QS-01749,,,QS-01749, ,
4P18GSLDL = 47.0mm straight glass + TAS332GSLD 3/32" (2.4mm) tungsten electrode + 4CBGSLD gas lens chuck body + 4C332GS: 3/32" (2.4mm) welding torch chuck + 4HSGSLD ceramic white cap,QS-01747,,,QS-01747, ,
54NQ14-#8 Narrow-mouth glass + 45V 27NQ with mesh connector 3.2 + 10N25 electrode clip 3.2 + 18CG01 ceramic white cap,QS-01746,,,QS-01746, ,
54NQ14-#8 Narrow-mouth glass +45V 26NQ with mesh connector 2.4+10N24 electrode clip 2.4+18CG01 ceramic white cap,QS-01745,,,QS-01745, ,
54NQ15-#7 Narrow-mouth glass +45V 27NQ with mesh connector 3.2 +10N25 electrode clip 3.2 +18CG01 ceramic white cap,QS-01744,,,QS-01744, ,
54NQ15-#7 Narrow-mouth glass +45V 26NQ with mesh connector 2.4+10N24 electrode clip 2.4+18CG01 ceramic white cap,QS-01743,,,QS-01743, ,
54NQ16-#6 Narrow-mouth glass +45V 27NQ with mesh connector 3.2 +10N25 electrode clip 3.2 +18CG01 ceramic white cap,QS-01742,,,QS-01742, ,
54NQ16-#6 Narrow-mouth glass +45V 26NQ with mesh connector 2.4+10N24 electrode clip 2.4+18CG01 ceramic white cap,QS-01741,,,QS-01741, ,
Electrode 220649,QS-01740,,,QS-01740, ,
Nozzle 220646,220646,,,220646, ,
shield 220742,220742,,,220742, ,
Weld slag inhibitor,QS-01739,,,QS-01739, ,
Spatter Guard ,42.0405.0854.5,,,42.0405.0854.5, ,
Gas diffuser    ,42.0001.4037,,,42.0001.4037, ,
insulating ring,42.0100.1329.5,,,42.0100.1329.5, ,
Gas nozzle,42.001.4050,,,42.001.4050, ,
"Contact tip 0,9 mm CuCrZr",42.0001.6465,,,42.0001.6465, ,
"Contact tip 0,8 mm CuCrZr",42.0001.6464,,,42.0001.6464, ,
Gas Nozzle Heavy Duty,42.0001.4216,,,42.0001.4216, ,
Gas nozzle ø13/63mm,42.0001.4080,,,42.0001.4080, ,
D34.0T5-4,QS-01738,,,QS-01738,USD 4.0500,
Energy storage welding Spot welding column M3*8,QS-01737,,,QS-01737, ,
106HC-3,QS-01736,,,QS-01736, ,
G1-P 30/10,QS-01735,,,QS-01735, ,
KP2844-10 W03X0893-43A,QS-01734,,,QS-01734, ,
American-style cutting torch CA2460,QS-01733,,,QS-01733, ,
American-style torch 315FC,QS-01732,,,QS-01732, ,
GPN-5 With (VICTOR) laser engraving,QS-01731,,,QS-01731, ,
GPN-4 With (VICTOR) laser engraving,QS-01730,,,QS-01730, ,
GPN-3 With (VICTOR) laser engraving,QS-01729,,,QS-01729, ,
Acetylene 1-101,QS-01728,,,QS-01728, ,
GPN-2 With (VICTOR) laser engraving,QS-01727,,,QS-01727, ,
GPN-1 With (VICTOR) laser engraving,QS-01726,,,QS-01726, ,
GPN-0 With (VICTOR) laser engraving,QS-01725,,,QS-01725, ,
"nozzle (FRONIUS) f.17 (article 42,0001,4476","42,0001,4476",,,"42,0001,4476", ,
Guide Channel Wire Liner 0.9-1.2mm 4.5m/Red TW4188582,QS-01724,,,QS-01724, ,
"228789 Plasma Cutting Handheld Torch Assembly for Hypertherm PMX 1000/1250/1650, 75 Degree, 49.2 Ft",QS-01723,,,QS-01723, ,
105 Nozzle,BK14300-10,,,BK14300-10, ,
85 Nozzle,BK14300-9,,,BK14300-9, ,
 404-52-25,QS-01722,,,QS-01722, ,
401-43-62,QS-01721,,,QS-01721, ,
403-20-35,QS-01720,,,QS-01720, ,
D28、M11、H15 Double Laser Nozzle,QS-01719,,,QS-01719_1, ,
,,,,QS-01719_2, ,
,,,,QS-01719_3, ,
,,,,QS-01719_4, ,
,,,,QS-01719_5, ,
,,,,QS-01719_6, ,
,,,,QS-01719_7, ,
,,,,QS-01719_8, ,
,,,,QS-01719_9, ,
,,,,QS-01719_10, ,
,,,,QS-01719_11, ,
,,,,QS-01719_12, ,
,,,,QS-01719_13, ,
,,,,QS-01719_14, ,
,,,,QS-01719_15, ,
,,,,QS-01719_16, ,
D28、M11、H15 Single Laser Nozzle,QS-01718,,,QS-01718_1, ,
,,,,QS-01718_2, ,
,,,,QS-01718_3, ,
,,,,QS-01718_4, ,
,,,,QS-01718_5, ,
,,,,QS-01718_6, ,
,,,,QS-01718_7, ,
,,,,QS-01718_8, ,
,,,,QS-01718_9, ,
,,,,QS-01718_10, ,
,,,,QS-01718_11, ,
,,,,QS-01718_12, ,
,,,,QS-01718_13, ,
,,,,QS-01718_14, ,
,,,,QS-01718_15, ,
,,,,QS-01718_16, ,
Coppe Jacket HC-2001,215020,,,215020, ,
TECMO Shield Cup,23015383BH,,,23015383BH, ,
Retaining Cup,23015443BH,,,23015443BH, ,
TECMO Nozzle,23015378BH,,,23015378BH, ,
NOZZLE WITH FAST COUPLING 16*96MM PLUG AND PLAY,0500.2914,,,0500.2914, ,
DIFFUSER 5/16*35MM,0500.1102,,,0500.1102, ,
Tecmo Electrode,23015374BH,,,23015374BH, ,
PT80/Ptm80 CNC Plasma Cutting Torch,QS-01717,,,QS-01717, ,
Linner 0.8-1.0mm 3m,9440,,,9440, ,
Original YK100102 Electrode,QS-01716,,,QS-01716, ,
Original YK100104 Shield Cap,QS-01715,,,QS-01715, ,
Original YK100103 Nozzle (1.8),QS-01714,,,QS-01714, ,
PM80 touch 5m（external procurement）,QS-01713,,,QS-01713, ,
A141 Nozzle-1.6,QS-01712,,,QS-01712, ,
A141 Nozzle-1.3,QS-01711,,,QS-01711, ,
A141 Nozzle-1.0,QS-01710,,,QS-01710, ,
W-220930,QS-01709,,,QS-01709, ,
W-220948-c,QS-01708,,,QS-01708, ,
CB150 Protective Cap,QS-01707,,,QS-01707, ,
CB150 insulator,QS-01706,,,QS-01706, ,
QISUO P80 Nozzle 1.6 and Electrode（Electrode round bottom）（primary color）,QS-01705,,,QS-01705, ,
QISUO P80 Nozzle 1.3 and Electrode（Electrode round bottom）（primary color）,QS-01704,,,QS-01704, ,
QISUO P80 Nozzle 1.0 and Electrode（Electrode round bottom）（primary color）,QS-01703,,,QS-01703, ,
QISUO P80 Nozzle 1.6 and Electrode（Electrode round bottom）,QS-01702,,,QS-01702, ,
QISUO P80 Nozzle 1.3 and Electrode（Electrode round bottom）,QS-01701,,,QS-01701, ,
QISUO P80 Nozzle 1.0 and Electrode（Electrode round bottom）,QS-01700,,,QS-01700, ,
Tweco  XLTW4 400A  tip  14-45  1.6mm E-Cu,QS-01699,,,QS-01699, ,
Tweco  XLTW4 400A  tip  14-45  1.2mm E-Cu,QS-01698,,,QS-01698, ,
Tweco  XLTW4 400A  tip  14-40  1.0mm E-Cu,QS-01697,,,QS-01697, ,
Tweco  XLTW4 400A  tip  14-30  0.8mm E-Cu,QS-01696,,,QS-01696, ,
PSF260 nozzle,QS-01695,,,QS-01695, ,
PSF 415 nozzle,QS-01694,,,QS-01694, ,
"Fronius MIG Gun Liner 42.0404.0185-- 8 meters, outer diameter 5 millimeters",42.0404.0185,,,42.0404.0185, ,
Ground wire clamp C-type,QS-01693,,,QS-01693,USD 6.0000,
PSF260 10ft,QS-01692,,,QS-01692, ,
PSF 415 10ft,QS-01691,,,QS-01691, ,
Intelligent knob RSR-2500S stud welding machine standard configuration,QS-01690,,,QS-01690, ,
Extended scale tube 125mm,QS-01689,,,QS-01689, ,
Protective lens 18*2,QS-01688,,,QS-01688, ,
Focusing lens 20*4.5F200,QS-01687,,,QS-01687, ,
Collimating lens 16*5F60,QS-01686,,,QS-01686, ,
Reflector with bracket (suitable for 21/23 guns),QS-01685,,,QS-01685, ,
SUP21T handheld laser welding gun,QS-01684,,,QS-01684, ,
501D MIG Torch and 3m,QS-01682,,,QS-01682, ,
F1621,QS-01683,,,QS-01683, ,
24V260 Motor,QS-01681,,,QS-01681, ,
F2100B,QS-01680,,,QS-01680, ,
Original XF400250 nozzle,QS-01679,,,QS-01679, ,
Original XF400230 nozzle,QS-01678,,,QS-01678, ,
Original XF400210 nozzle,QS-01677,,,QS-01677, ,
Original XF400100 electrode,QS-01676,,,QS-01676, ,
Acetylene accessories,QS-01675,,,QS-01675, ,
Oxygen accessories,QS-01674,,,QS-01674, ,
TECHNOZZLE5/8"-1/8 RECE.TIP–2-7/8”LONG,401-6-62,,,401-6-62, ,
Portable Stud Welding Machine,QS-01673,,,QS-01673, ,
34CT,QS-01672,,,QS-01672, ,
LINER 1.6mm,QS-01671,,,QS-01671, ,
14H116,QS-01670,,,QS-01670, ,
Portable Stud Welding Machine,QS-01669,,,QS-01669, ,
"42,0001,4080,5",QS-01668,,,QS-01668, ,
SHIELD HC-2001,QS-01667,,,QS-01667, ,
Electrode HC-2001Nicke(Original),QS-01666,,,QS-01666, ,
Nozzle HC-2001Nickel(Original),QS-01665,,,QS-01665, ,
.045"AND.035”TREGASKISS STYLECONTACTTIP403-1-45 CuCrZr,403-1-45,,,403-1-45, ,
GASDIFFUSERHD- TREGASKISS®STYLE404-3,QS-01663,,,QS-01663, ,
WP17Fcablewithoutremote control,QS-01662,,,QS-01662, ,
WP17torchheadwithout adjustment,QS-01661,,,QS-01661, ,
WP17fv  torches (flashlight) with  purge knob  ,QS-01660,,,QS-01660, ,
420415,QS-01659,,,QS-01659, ,
Female Thread Nozzle Holder 500,QS-01658,,,QS-01658, ,
Male Thread Nozzle Holder 350,QS-01657,,,QS-01657, ,
Panasonic 500A torch and 5-meter cable 50sq,QS-01656,,,QS-01656, ,
Nozzles P350 Conical Nozzle,QS-01655,,,QS-01655, ,
Red Tungsten Electrode 3.2 * 150,QS-01654,,,QS-01654, ,
Red Tungsten Electrode 2.4 * 150,QS-01653,,,QS-01653, ,
Green Tungsten Electrode 1.6 * 150,QS-01652,,,QS-01652, ,
Red Tungsten Electrode 2.0 * 150,QS-01651,,,QS-01651, ,
Red Tungsten Electrode 1.6 * 150,QS-01650,,,QS-01650, ,
"Three-wire, plastic-cased, high-quality potentiometer",QS-01649,,,QS-01649, ,
"Three-wire, metal-cased, high-quality potentiometer",QS-01648,,,QS-01648, ,
GX16-4 female connector,QS-01647,,,QS-01647, ,
" Gas diffusor, black polymer materials",QS014.0021,,,QS014.0021, ,
M10*35 3.2,QS-01646,,,QS-01646, ,
M10*35 2.0,QS-01645,,,QS-01645, ,
Customized: RSR-2500S Smart Knob Stud Welding Machine with Flat Interface Package,QS-01644,,,QS-01644, ,
WC20,QS-01643,,,QS-01643, ,
M12*45,QS-01642,,,QS-01642, ,
P500A Insulator,QS-01641,,,QS-01641, ,
"Coating Contact tip E-Cu,φ1.6mm/M6x45mm",QS-01640,,,QS-01640, ,
"Coating Contact tip E-Cu,1.2mm/M6x45mm",QS-01639,,,QS-01639, ,
500A Coating Nozzle-E-Cu,QS-01638,,,QS-01638, ,
Welding Torch Switch,QS-01637,,,QS-01637, ,
M10*35 * 3.2,QS-01636,,,QS-01636, ,
M10*35 * 2.0,QS-01635,,,QS-01635, ,
HC-6002 Inner Shield 627060,QS-01634,,,QS-01634, ,
HC-6002 Retaining Cap 628060,QS-01633,,,QS-01633, ,
HC-6002 Retaining Cap 625060,QS-01632,,,QS-01632, ,
HC-6002 Water Tube 624060,QS-01631,,,QS-01631, ,
HC-6002 Swirl Ring 626040,QS-01630,,,QS-01630, ,
HC-6002 Shield Cup 623040,QS-01629,,,QS-01629, ,
"42,0001,4080,5",QS-01628,,,QS-01628, ,
428931,428931,,,428931, ,
TIG welding wire feeder (wire diameter: 1.0 - 3.2 mm),QS-01627,,,QS-01627, ,
Anti-vibration argon gas meter,QS-01626,,,QS-01626, ,
COLLET BODY  2.4    10N32,COLLET BODY  2.4    10N32,,,COLLET BODY  2.4    10N32, ,
Weld cleaning torch,QS-01625,,,QS-01625, ,
Weld cleaning brush,QS-01624,,,QS-01624, ,
Weld seam cleaning solution,QS-01623,,,QS-01623, ,
HUAYUAN LGK -100B1,QS-01622,,,QS-01622, ,
CNC P80 Torch 10m,QS-01621,,,QS-01621, ,
Lifting body,QS-01620,,,QS-01620, ,
P80 Straight Torch - Iron Material,QS-01619,,,QS-01619, ,
50*7 laser lens,QS-01618,,,QS-01618, ,
212730,QS-01617,,,QS-01617, ,
L6380F03,QS-01616,,,QS-01616, ,
Raising device,QS-01615,,,QS-01615, ,
MX03--4m  Weld cleaning machine,QS-01614,,,QS-01614, ,
Electrode 80A,220187,220187,,220187,USD 2.6500,0.02
Electrode 130A-Soldering,220487-S,220487,,220487-S,USD 2.6500,
M11*D25 Double-Layer Laser Nozzle,QS-01613,,,QS-01613, ,
Pro Max 65 cutter head with 4-meter cable,QS-01587,,,QS-01587, ,
CERAMIC BODY OS-NOZZLE HOLD D21.4 M8,LOSC09-FC40,,,LOSC09-FC40, ,
LENTE/FUSED SILICA PW D30.00 T5.0 6KW,LPTO11-3050S,,,LPTO11-3050S, ,
BICO/NOZZLE Ø1.0MM DOUBLE CP D15xH19xM8,LCKN02-1910CP,,,LCKN02-1910CP, ,
BICO/NOZZLE Ø2.0MM DOUBLE CP D15xH19xM8,LCKN02-1920CP,,,LCKN02-1920CP, ,
LENTE/FUSED SILICA PW D25.4T4-8 30KW BOCI OGN,LBCO11-2540-8,,,LBCO11-2540-8, ,
LENTE/FUSED SILICA PW D34.0T5-8 30KW BOCI OGN,LBCO11-3450-8,,,LBCO11-3450-8, ,
BICO/NOZZLE Ø1.5MM DOUBLE CP D15xH19xM8,LCKN02-1915CP,,,LCKN02-1915CP, ,
BICO/NOZZLE Ø1.2MM DOUBLE CP D15xH19xM8,LCKN02-1912CP,,,LCKN02-1912CP, ,
CERAMIC BODY OS-NOZZLE HOLD - CONCORRENCIA,D41 H34 M11,,,D41 H34 M11, ,
PFS ANTI-COLIS./SCREWS BLT421S 4UN COPY VERSION,#LBCC09-210AA-O,,,#LBCC09-210AA-O, ,
BICO/NOZZLE Ø1.5MM SINGLE PT-HD TYPE:A H15 NOR,LPTN01-5915,,,LPTN01-5915, ,
BICO/NOZZLE Ø1.4E MM DOUBLE CP/HHB B H15 CHR,LHAN02-5914E,,,LHAN02-5914E, ,
NOZZLE Ø1.2E MM DOUBLE CP/HHB B H15 CHR,LHAN02-5912E,,,LHAN02-5912E, ,
RETAINING CAP 40/100A LC105,W03X0893- 66A KP2845-10,,,W03X0893- 66A KP2845-10, ,
TIP/BICO GOUGE NOZZLE W03X0893-65A LC105,W03X0893-65A,,,W03X0893-65A, ,
SHIELD CAP GOUGE W03X0893-69A LC105 ,W03X0893-69A,,,W03X0893-69A, ,
GAS DIST/SWIRL RING W03X0893-70R LC105,W03X0893-70R 336,,,W03X0893-70R 336, ,
TORCH MAIN BODY LINCOLN  LC105,W0300618R,,,W0300618R, ,
SHIELD CAP EXTENDED CONT.40/100A LC105 COMP,W03X0893-74A,,,W03X0893-74A, ,
TIP/BICO EXTENDED. CONT. 100A LC105 COMPRIDO,W03X0893-73A,,,W03X0893-73A, ,
TIP/BICO 100A LC105 SHORT/CURTO,W03X0893-64A,W03X0893-64A,,W03X0893-64A, ,
LC ELECTRODE EXTENDED LC105 COMPRIDO,W03X0893-57A,,,W03X0893-57A, ,
LC ELECTRODE LC105 SHORT/CURTO,W03X0893-60A,W03X0893-60A,,W03X0893-60A,">=0 ,    - ",
SHIELD/CAPA CUP 30/50A,220555,220555,,220555,">=0 ,  USD 0.7400 - 0.8600",
36KD GAS NOZZLE CONICAL NDØ16.0 (16x84mm)E-Cu Mat.,QS145.0078,,,QS145.0078, ,
"36 KD Gas diffusor,long life",QS014.0026,,,QS014.0026, ,
"401D/501D Gas nozzle, conical NDφ16.0",QS145.0085,,,QS145.0085, ,
401D/501D GAS DIFFUSER BLACK,QS030.0029,,,QS030.0029, ,
401D/501D GAS DIFFUSER LONG LIFE,QS030.0037,,,QS030.0037, ,
Smart SYNC Cartridge 105 A Drag Cutting 428937,QS-01608,,,QS-01608, ,
Ceramic Ring D28 – M11,QS-01607,,,QS-01607, ,
Protective Glass 37 × 7 mm,QS-01606,,,QS-01606, ,
Single Layer Nozzle Ø28 × H15 – M11 – 3.5 mm,QS-01605,,,QS-01605, ,
Single Layer Nozzle Ø28 × H15 – M11 – 2.0 mm,QS-01604,,,QS-01604, ,
Single Layer Nozzle Ø28 × H15 – M11 – 1.5 mm,QS-01603,,,QS-01603, ,
Double Layer Nozzle Ø28 × H15 – M11 – 2.5 mm,QS-01602,,,QS-01602, ,
Double Layer Nozzle Ø28 × H15 – M11 – 1.5 mm (High Speed),QS-01601,,,QS-01601, ,
Double Layer Nozzle Ø28 × H15 – M11 – 1.2 mm,QS-01600,,,QS-01600, ,
"Laser nozzle M11 D28, double layer, 15mm height, D1.5mm.",QS-01599,,,QS-01599, ,
Coated conductive tip M6*40 mm φ1.2 E-Cu,QS-01598,,,QS-01598, ,
Coated conductive tip M6*40 mm φ1.0 E-Cu,QS-01597,,,QS-01597, ,
Coated conductive tip M6*40 mm φ0.8 E-Cu,QS-01596,,,QS-01596, ,
Coated conductive tip M6*45 mm φ1.2 E-Cu,QS-01595,,,QS-01595, ,
Coated conductive tip M6*45 mm φ1.0 E-Cu,QS-01594,,,QS-01594, ,
Coated conductive tip M6*45 mm φ0.8 E-Cu,QS-01593,,,QS-01593, ,
F1621 torch height controller,QS-01592,,,QS-01592, ,
SVZ-5,QS-01591,,,QS-01591, ,
"36KD wire feeding hose, European interface, 5.2 meters",QS-01590,,,QS-01590, ,
36KD Torch Panasonic connector 5-meter cable 43 square millimeters,QS-01589,,,QS-01589, ,
7-5204,QS-01588,,,QS-01588, ,
Flashback Arrestorfor（ Acetylene）for Torch,QS-01553,,,QS-01553, ,
15.9*20.15,QS-01586,,,QS-01586, ,
Oxygen-acetylene wrench,QS-01585,,,QS-01585, ,
6290-NX2,QS-01584,,,QS-01584, ,
6290-NX1,QS-01583,,,QS-01583, ,
2100B (1521 without remote control),QS-01582,,,QS-01582, ,
Lincoln Submerged Arc whole,QS-01581,,,QS-01581, ,
HC 1201 cap,QS-01580,,,QS-01580,USD 2.8000,
17pcs TlG Welding SetArgon arc torch for WP1718 26 set,QS-01579,,,QS-01579, ,
Nozzle φ2.1 FY-XF300H,XF300130,XF300130-2.1,,XF300130,">=0 ,    - ",
18pcs TIG Welding Set Argon arc torch for WP17 18 26 set,QS-01578,,,QS-01578, ,
1450089 E-CU,QS-01577,,,QS-01577, ,
S125 long life nozzle,QS-01576,,,QS-01576, ,
P80 Contact type,QS-01575,,,QS-01575, ,
Pressure Relief Valve (Acetylene),QS-01574,,,QS-01574, ,
Pressure Reducer (Oxygen),QS-01573,,,QS-01573, ,
steel bars 15mm width x 200mm length×2mm thick,QS-01572,,,QS-01572, ,
45 A torch head,QS-01571,,,QS-01571, ,
G3028,QS-01570,,,QS-01570,USD 19.0000,
G501,QS-01569,,,QS-01569,USD 20.0000,
228346,QS-01568,,,QS-01568, ,
XF-300H Nozzle φ1.9,QS-01567,,,QS-01567, ,
XF-300H Electrode,QS-01566,,,QS-01566, ,
XF-300H Shield Cap,QS-01565,,,QS-01565, ,
XF-300H Torch Head,QS-01560,,,QS-01560, ,
XF-300H ProtectiveCap Ring,QS-01561,,,QS-01561, ,
XF-300H Outside Retaining Cap,QS-01563,,,QS-01563, ,
XF-300H Water core,QS-01564,,,QS-01564, ,
G4030,QS-01559,,,QS-01559, ,
G2012Y,11.848.221.412,,,11.848.221.412, ,
G2010Y    11.848.221.410,QS-01558,,,QS-01558, ,
G102 Gas guide G102,QS-01557,,,QS-01557, ,
G101 Gas guide G101,QS-01556,,,QS-01556, ,
G002Y C124-1000,QS-01555,,,QS-01555, ,
Electrodes 9-0096,QS-01538,,,QS-01538, ,
Nozzle 9-0093,QS-01537,,,QS-01537, ,
Flashback Arrestorfor（ Oxygen）for Torch,QS-01554,,,QS-01554, ,
 MDX-250 MIG  15 feet（4.6m）.030 to .035" wire size,QS-01552,,,QS-01552, ,
PT80 Nozzzle,51311,,,752_1,"50-999 USD 0.54
1000-4999 USD 0.5
>=5000 USD 0.43
",
,,,,752_2,"50-999 USD 0.54
1000-4999 USD 0.5
>=5000 USD 0.43
",
PT80 Electrode,52558,,,52558, ,
FY-A200H shield cap,QS-01551,,,QS-01551, ,
FY-A200H【A200Y19S】,QS-01550,,,QS-01550, ,
FY-A100 1.9MM,QS-01549,,,QS-01549, ,
36KD Torch (Torchhead Only),QS-01548,,,QS-01548, ,
FY-A200Y19S,QS-01547,,,QS-01547, ,
G1-A  30/10,QS-01546,,,QS-01546, ,
G1-A  25/10 ,QS-01545,,,QS-01545, ,
G1-A  20/10,QS-01544,,,QS-01544, ,
G1-A  16/10,QS-01543,,,QS-01543, ,
G1-A  12/10,QS-01542,,,QS-01542, ,
G1-A  10/10,QS-01541,,,QS-01541, ,
G1-A  7/10,QS-01540,,,QS-01540, ,
FY-A200 shield cap,QS-01539,,,QS-01539, ,
Start Cartridge 9-0097 ,QS-01535,,,QS-01535, ,
P160 Shiled,QS-01536,,,QS-01536, ,
BTB Q30 MIG Gun - 300 amp Q3015AE9EMC  4.5M,QS-01534,,,QS-01534, ,
ACETYLENE,QS-01533,,,QS-01533,USD 41.5000,
RSN-3150S LCD industrial patented arc stud welding machine (10-meter gun) ,QS-01532,,,QS-01532, ,
36KD——OD 10mm M8xL30mm ,QS-01531,,,QS-01531, ,
24KD——OD 8mmxL 28mm,QS-01530,,,QS-01530, ,
24KD——OD 7.5mmxL 28mm ,QS-01529,,,QS-01529, ,
15AK——OD 6mm*L 25mm ,QS-01528,,,QS-01528, ,
VEX1133-02N-X259,QS-01527,,,QS-01527, ,
S65 outside nozzle,QS-01526,,,QS-01526, ,
S65 nozzle,QS-01525,,,QS-01525, ,
S65 Swirl ring,QS-01524,,,QS-01524, ,
S65 electrode,QS-01523,,,QS-01523, ,
6290-NX5,QS-01522,,,QS-01522, ,
6290-NX3,QS-01521,,,QS-01521, ,
G03-4 φ1.8mm,QS-01520,,,QS-01520, ,
G03-3  φ1.6mm,QS-01519,,,QS-01519, ,
XF-400 copper protective cap,QS-01518,,,QS-01518, ,
XF-400 Copper water core (fine teeth),QS-01517,,,QS-01517, ,
Nozzle XF-400 250,QS-01516,,,QS-01516, ,
Nozzle XF-400 230,QS-01515,,,QS-01515, ,
Nozzle XF-400 210,QS-01514,,,QS-01514, ,
Electrode XF-400 100,QS-01513,,,QS-01513, ,
Graphene wire feeder tube 5.5m,QS-01512,,,QS-01512, ,
40KD Gas diffuser,QS-01511,,,QS-01511, ,
40KD Tip Holder,QS-01510,,,QS-01510, ,
40KD ELECTRODE,QS-01509,,,QS-01509, ,
40KD NOZZLE,QS-01508,,,QS-01508, ,
M4*20 50PCS 【stainless steel】,QS-01507,,,QS-01507, ,
M6*20 100PCS 【Copper-plated carbon steel】,QS-01506,,,QS-01506, ,
M4*20 100PCS【aluminum】,QS-01505,,,QS-01505, ,
RSR-3500,QS-01504,,,QS-01504, ,
"DN25 spot welding machine, foot-operated",QS-01503,,,QS-01503, ,
S125  Swirl Ring,QS-01502,,,QS-01502, ,
S125 nozzle 1.3,QS-01501,,,QS-01501, ,
S125 electrode,QS-01500,,,QS-01500, ,
AX-06 8mWelding gun cleaning combo,QS-01497,,,QS-01497, ,
Low-corrosion mirror finish solution (gold),QS-01498,,,QS-01498, ,
Cloth-wrapped brush head,QS-01499,,,QS-01499, ,
6290-NX0,QS-01496,,,QS-01496, ,
16*20 Tip CuCrZr,QS-01495,,,QS-01495, ,
200A Tip Holder ,QS-01494,,,QS-01494, ,
"Contact tip E-Cu,φ0.8mm/M6x45mm",QS-01493,,,QS-01493, ,
200A Ceramic Shield Cup,QS-01492,,,QS-01492, ,
 Tweco #2 250A Torch 3m,QS-01491,,,QS-01491, ,
ER 1100  1.6mm【7kg】,QS-01490,,,QS-01490, ,
40KD TORCH,QS-01489,,,QS-01489, ,
Weld cleaning machine brush head M6×50,QS-01488,,,QS-01488, ,
Nozzle,020608,,,020608, ,
Electrode,120667,,,120667, ,
P80 27cm Straight Torch ,QS-01487,,,QS-01487, ,
CLOUR   TORCH,QS-01486,,,QS-01486, ,
NM250 CUTTER,QS-01485,,,QS-01485, ,
MTG/MTW Liner Clamping  Piece ,44.0350.3315,,,44.0350.3315, ,
MTG/MTW Liner Clamping  Piece ,44.0350.3317,,,44.0350.3317, ,
MTG/MTW Liner Clamping Piece ,44.0350.3318,,,44.0350.3318, ,
MTG/MTW Liner Clamping Piece,44.03503320,,,44.03503320, ,
4*10.5,QS-01484,,,QS-01484, ,
F1621 Plasma Cutting Machine Arc Voltage Height Regulator,QS-01483,,,QS-01483, ,
S75 Nozzle,QS-01482,,,QS-01482, ,
S75 Electrode,QS-01481,,,QS-01481, ,
M6*12【304】500 pcs,QS-01480,,,QS-01480, ,
balck wolf P80 Nozzle,QS-01479,,,QS-01479, ,
410D torch 4m,QS-01478,,,QS-01478, ,
34*5 20KW original,QS-01477,,,QS-01477, ,
